Subject,Description,Points,Status,Assigned to,Tags
C0.1 · Contrato de dominio y API v1,"<p><strong>Objetivo:</strong> Congelar entidades, endpoints, DTOs y catálogo de errores para que los 4 carriles trabajen en paralelo sin suposiciones.</p><p><strong>Alcance:</strong> docs/contrato-v1.md; espejo de core/models.ts y de los data classes Kotlin; códigos de error y ejemplos JSON.</p><p><strong>Aceptación técnica:</strong></p><ul><li>Los 4 desarrolladores revisan y firman el contrato.</li><li>Cada historia del backlog cita un endpoint/DTO existente.</li><li>Todo cambio posterior se hace por PR al contrato, con versión.</li></ul><p><strong>Pruebas:</strong> Revisión cruzada del equipo contra el backlog.</p><p><strong>Independencia:</strong> Es el habilitador de todos los carriles.</p>",2,New,Diego,"cimientos,carril-1"
"C0.2 · Semilla determinista, fixtures y cuentas demo","<p><strong>Objetivo:</strong> Dataset idéntico en cada carga con casos borde sembrados para probar cualquier historia sin depender de otra.</p><p><strong>Alcance:</strong> JSON con los IDs de mock-data.ts (7 carteras, 28 usuarios, 391 movimientos); tabla de casos borde y códigos de prueba.</p><p><strong>Aceptación técnica:</strong></p><ul><li>Seed fija: el dataset es idéntico en cada carga.</li><li>Códigos de prueba: FZ-K7M2PD (válido), FZ-J5N8QW (ya es miembro), FZ-C3R6TY (cartera cerrada), FZ-V9B4XS (regenerado).</li><li>Cubre: cartera sin presupuesto, miembro con saldo 0, centavos impares y usuario sin carteras.</li></ul><p><strong>Pruebas:</strong> Validación de fixtures contra el JSON Schema del contrato.</p><p><strong>Independencia:</strong> Habilita a todas las historias del backlog.</p>",2,New,Aideé,"cimientos,carril-2"
C0.3 · Núcleo de cálculo financiero congelado (vectores dorados),"<p><strong>Objetivo:</strong> Congelar las funciones puras de dinero (resumen, saldos y liquidación) con pruebas vectoriales reutilizables por web y móvil.</p><p><strong>Alcance:</strong> core/utils/finanzas.ts + finanzas.spec.ts; publicación de vectores dorados para el móvil.</p><p><strong>Aceptación técnica:</strong></p><ul><li>Pasan los vectores V1–V4 de liquidar() con centavos impares.</li><li>La suma de saldos = $0 con tolerancia ± $1.00.</li><li>La cuota por miembro con centavos queda documentada.</li></ul><p><strong>Pruebas:</strong> npm test en verde con los vectores obligatorios.</p><p><strong>Independencia:</strong> Lo consumen A1–A3 y M4/M5 sin esperar UI.</p>",2,New,Damián,"cimientos,carril-4"
C0.4 · Capa de datos conmutable mock ⇄ API,"<p><strong>Objetivo:</strong> Que la UI consuma interfaces y pueda cambiar de datos mock a API sin tocar las pantallas.</p><p><strong>Alcance:</strong> AuthRepo, UsuariosRepo, CarterasRepo, TransaccionesRepo e InvitacionesRepo con implementación mock; mismo patrón con Hilt en móvil.</p><p><strong>Aceptación técnica:</strong></p><ul><li>Cambiar de mock a API es cambiar un provider o flavor.</li><li>Los componentes no importan mock-data directamente.</li><li>Las pruebas inyectan fakes en lugar de datos reales.</li></ul><p><strong>Pruebas:</strong> Smoke con repositorio mock/fake inyectado.</p><p><strong>Independencia:</strong> Desbloquea a los 4 carriles desde el día 1.</p>",3,New,Vanessa,"cimientos,carril-3"
"C0.5 · Esqueleto de navegación, deep links y barra móvil",<p><strong>Objetivo:</strong> Dejar listas las rutas y el deep link de unión que comparten web y móvil.</p><p><strong>Alcance:</strong> Rutas /app/inicio y /app/colaboraciones reales; URL finanzapp.mx/unirse?codigo=; barra inferior móvil con acción central.</p><p><strong>Aceptación técnica:</strong></p><ul><li>El deep link abre la pantalla de unión con el código precargado (mock).</li><li>La URL de retorno post-login respeta ?destino=.</li><li>La barra inferior móvil muestra la acción central destacada.</li></ul><p><strong>Pruebas:</strong> Smoke de deep link y navegación en ambos clientes.</p><p><strong>Independencia:</strong> Es el contrato de navegación que consumen I2/I3 y K5.</p>,2,New,Vanessa,"cimientos,carril-3"
"I1 · Sesión web: login, guard y retorno al destino","<p><strong>Objetivo:</strong> Entrar a la web con correo y contraseña y conservar la sesión, regresando a la ruta que se intentaba abrir.</p><p><strong>Alcance:</strong> features/auth/login.ts, core/services/auth.service.ts y core/guards/auth.guard.ts; consumo vía AuthRepo (mock C0.4); localStorage.finanzapp.sesion.</p><p><strong>Aceptación técnica:</strong></p><ul><li>Credenciales válidas → carteras o ?destino=; el nombre aparece en la barra superior.</li><li>Error genérico: no revela si falló el correo o la contraseña; el correo escrito se conserva.</li><li>Recargar o reabrir conserva la sesión; cerrar sesión limpia la clave y va a la landing.</li><li>Ruta /app/** sin sesión → /login?destino= y, tras entrar, vuelve a esa ruta.</li><li>El botón queda bloqueado con formato inválido o mientras se envía.</li></ul><p><strong>Pruebas:</strong> Unit del guard y de la normalización de correo; smoke de los 5 casos.</p><p><strong>Independencia:</strong> Solo usa AuthRepo mock y usuarios fixture; no necesita registro ni carteras.</p>",3,New,Diego,"carril-1,must"
I2 · Registro web con conservación del código de invitación,"<p><strong>Objetivo:</strong> Crear una cuenta con lo indispensable y conservar el código si se llegó por una invitación.</p><p><strong>Alcance:</strong> features/auth/registro.ts y UsuariosRepo; sessionStorage.finanzapp.invitacionPendiente; auto-login al terminar.</p><p><strong>Aceptación técnica:</strong></p><ul><li>Formulario válido → cuenta creada, sesión iniciada y destino original.</li><li>Correo existente → CORREO_DUPLICADO con acceso directo a iniciar sesión.</li><li>Contraseña < 6 o sin letra y número → error junto al campo; no se envía.</li><li>Teléfono opcional con formato de 10 dígitos (México).</li><li>Con ?codigo= en la URL, el código sobrevive al registro (misma clave que usa K5).</li><li>Doble tap en 'Crear cuenta' no duplica la petición.</li></ul><p><strong>Pruebas:</strong> Unit de validadores; smoke con y sin código de invitación.</p><p><strong>Independencia:</strong> El código se prueba con el fixture FZ-K7M2PD; no depende del escáner móvil.</p>",3,New,Diego,"carril-1,must"
I3 · Autenticación móvil: Login y Registro con MVVM,"<p><strong>Objetivo:</strong> Iniciar sesión y registrarse desde el móvil con estado de UI robusto (rotación y muerte del proceso).</p><p><strong>Alcance:</strong> LoginFragment/RegistroFragment + ViewModels con StateFlow; sesión en DataStore; código pendiente en SavedStateHandle; AuthRepository fake.</p><p><strong>Aceptación técnica:</strong></p><ul><li>Login y registro completan el flujo con los mismos DTOs y errores que I1/I2 (contrato compartido).</li><li>Errores simulados muestran mensaje accionable y no pierden el formulario.</li><li>Rotación y muerte del proceso conservan el estado y el código pendiente.</li><li>Validaciones en el ViewModel (no en el Fragment) y cubiertas con JUnit.</li><li>Cerrar sesión limpia el token y vuelve al inicio.</li></ul><p><strong>Pruebas:</strong> JUnit de ambos ViewModels (éxito, credenciales malas, doble submit, rotación); smoke en emulador.</p><p><strong>Independencia:</strong> Repo fake + fixtures; no requiere API real ni escáner.</p><p><strong>Palanca de corte:</strong> login (3) / registro (2).</p>",5,New,Diego,"carril-1,must"
"I4 · Perfil, contraseña y preferencias","<p><strong>Objetivo:</strong> Actualizar datos, contraseña y preferencias, con propagación inmediata en toda la interfaz.</p><p><strong>Alcance:</strong> features/ajustes/ajustes.ts; AuthService.usuario es computed (reactivo); preferencias en localStorage.finanzapp.preferencias.</p><p><strong>Aceptación técnica:</strong></p><ul><li>Guardar perfil actualiza saludo y avatares al instante, sin recargar.</li><li>Correo ya usado → CORREO_DUPLICADO; no se guarda.</li><li>Cambio de contraseña exige la actual correcta y confirma con toast.</li><li>Los switches persisten al recargar y usan role=switch + aria-checked.</li><li>Cerrar sesión pide confirmación y regresa a la landing.</li></ul><p><strong>Pruebas:</strong> Unit de persistencia de preferencias; smoke de cambio de contraseña fallido y exitoso.</p><p><strong>Independencia:</strong> Solo necesita sesión activa y usuarios de fixture.</p>",2,New,Diego,"carril-1,could"
"I5 · Contribuyentes: alta, consulta y baja","<p><strong>Objetivo:</strong> Dar de alta contribuyentes existentes o nuevos, consultarlos con filtro y darlos de baja con seguridad.</p><p><strong>Alcance:</strong> features/contribuyentes/contribuyentes.ts + miembro-form.ts; vínculo usuario-cartera vía CarterasRepo; aporte comprometido editable.</p><p><strong>Aceptación técnica:</strong></p><ul><li>Buscar por nombre o correo (case-insensitive) y agregar → aparece como miembro; duplicado → YA_ES_MIEMBRO.</li><li>Crear persona nueva reutiliza el contrato de I2 con origen=admin.</li><li>Filtro por nombre reduce la tabla en línea; estado vacío con 'Limpiar filtros'.</li><li>La baja advierte el saldo del miembro y NO elimina sus movimientos; los totales se recalculan.</li><li>No se puede dar de baja al último administrador (ULTIMO_ADMIN).</li><li>Los miembros solo consultan: las acciones se ocultan con puedeAdministrar(cartera, usuario).</li></ul><p><strong>Pruebas:</strong> Unit del helper de permisos; smoke de alta existente, alta nueva, duplicado y baja.</p><p><strong>Independencia:</strong> Cartera y usuarios de fixture; no depende del QR (K2).</p>",3,New,Diego,"carril-1,must"
"K1 · Carteras: crear, editar, archivar y eliminar","<p><strong>Objetivo:</strong> Organizar el dinero del grupo en carteras de hogar, viaje o evento con reglas por categoría y permisos.</p><p><strong>Alcance:</strong> features/carteras/lista.ts y cartera-form.ts; CarterasRepo; modelo Cartera + CategoriaCartera; ConfirmModal.</p><p><strong>Aceptación técnica:</strong></p><ul><li>Crear: nombre 3–60 y descripción ≤ 200; presupuesto > 0 o vacío; creador queda como admin y miembro; nace con codigoInvitacion.</li><li>Viaje/Evento exigen fecha inicio y fin, con fin ≥ inicio; Hogar no las pide.</li><li>Presupuesto vacío → la cartera se crea y la UI oculta el avance.</li><li>Editar/archivar/eliminar solo para propietario o admin (puedeAdministrar).</li><li>Eliminar con movimientos sugiere archivar y nunca ocurre sin confirmación.</li><li>Archivar pasa a inactiva con fechaCierre; nombres duplicados solo avisan.</li></ul><p><strong>Pruebas:</strong> Unit de reglas por categoría; smoke de los 7 casos y recálculo del listado.</p><p><strong>Independencia:</strong> Funciona con fixtures; el QR solo lee codigoInvitacion.</p><p><strong>Palanca de corte:</strong> crear/editar (3) / ciclo de vida y permisos (2).</p>",5,New,Aideé,"carril-2,must"
"K2 · Invitación QR: generar, copiar, compartir y regenerar","<p><strong>Objetivo:</strong> Generar un QR y una clave única para invitar sin capturar datos a mano.</p><p><strong>Alcance:</strong> Pestaña Invitación de detalle.ts; librería qrcode a data URL; navigator.share con fallback a clipboard; POST /carteras/{id}/invitacion/regenerar.</p><p><strong>Aceptación técnica:</strong></p><ul><li>QR renderizado localmente (sin servicios externos) y clave FZ-XXXXXX sin caracteres ambiguos.</li><li>'Copiar clave' → portapapeles + toast; sin permiso de portapapeles → mensaje para copiar a mano.</li><li>'Compartir' usa Web Share API; sin soporte → copia el enlace y avisa.</li><li>'Regenerar' (solo admin) invalida el código anterior: FZ-V9B4XS deja de servir.</li><li>No administrador → modo lectura, sin regenerar.</li><li>QR legible impreso en blanco y negro.</li></ul><p><strong>Pruebas:</strong> Smoke de copiar/compartir/regenerar; comprobar que el código viejo falla.</p><p><strong>Independencia:</strong> Solo necesita la cartera de fixture; la validación del código es de K4.</p>",3,New,Aideé,"carril-2,must"
K3 · Escáner QR móvil con captura manual,"<p><strong>Objetivo:</strong> Obtener el código de invitación escaneando el QR, abriendo el enlace o escribiéndolo a mano.</p><p><strong>Alcance:</strong> UnirseFragment (paso 1) + UnirseViewModel con estados escaneando/capturando; CameraX + ML Kit tras la interfaz EscanerCodigo (fake en pruebas).</p><p><strong>Aceptación técnica:</strong></p><ul><li>Un QR válido frente a la cámara se lee una sola vez y avanza a validación.</li><li>La captura manual está visible desde el día 1 y recorre el mismo camino.</li><li>Permiso denegado o emulador sin cámara → explicación + captura manual habilitada.</li><li>Un QR de otra app se ignora y se sigue escaneando.</li><li>EscanerCodigo se sustituye por un fake en pruebas automatizadas.</li></ul><p><strong>Pruebas:</strong> JUnit del ViewModel con fake (estados y transiciones); smoke en al menos 1 dispositivo físico.</p><p><strong>Independencia:</strong> Se prueba con FZ-K7M2PD; no requiere el QR real (K2) ni el canje (K4).</p>",3,New,Aideé,"carril-2,must"
"K4 · Validación del código, vista previa y unión","<p><strong>Objetivo:</strong> Validar el código, previsualizar la cartera y unirse como miembro sin duplicar la membresía.</p><p><strong>Alcance:</strong> POST /carteras/unirse vía InvitacionesRepo mock; pantalla de confirmación; persistencia de la membresía; navegación al inicio.</p><p><strong>Aceptación técnica:</strong></p><ul><li>Código válido → vista previa (nombre, administrador, categoría, fechas) y al confirmar aparece en el inicio como miembro.</li><li>INVITACION_INVALIDA (no existe o regenerado) → 'La invitación ya no es válida'.</li><li>YA_ES_MIEMBRO → aviso, sin duplicar (clave idCartera + idUsuario).</li><li>CARTERA_CERRADA → 'La cartera ya finalizó y no admite nuevos miembros'.</li><li>Doble confirmación no crea dos membresías; la validación corre del lado del repositorio.</li></ul><p><strong>Pruebas:</strong> Unit del repositorio con los 4 fixtures de código.</p><p><strong>Independencia:</strong> Fixtures + mock; funciona con captura manual aunque K3 no esté lista.</p>",3,New,Aideé,"carril-2,must"
K5 · Conservar el código durante registro o inicio de sesión,"<p><strong>Objetivo:</strong> Que el código de invitación sobreviva al registro o login y el flujo continúe sin repetir pasos.</p><p><strong>Alcance:</strong> Interfaz InvitacionPendienteRepo sobre SavedStateHandle/DataStore (móvil) y sessionStorage (web); I2/I3 escriben, K4 lee.</p><p><strong>Aceptación técnica:</strong></p><ul><li>Sin sesión: se registra o entra y CONTINÚA con el mismo código, sin volver a capturarlo.</li><li>La muerte del proceso a mitad del registro no pierde el código.</li><li>Sin código pendiente, la autenticación termina normal (sin pasos fantasma).</li><li>El código se limpia al consumirse o si la invitación falla definitivamente.</li></ul><p><strong>Pruebas:</strong> Unit del repositorio (guardar, leer, limpiar) en ambos clientes; prueba manual matando la app.</p><p><strong>Independencia:</strong> Se integra por interfaces con I2/I3 y K4; se prueba con pantalla de autenticación fake.</p>",2,New,Aideé,"carril-2,must"
M1 · Registro rápido de un movimiento (móvil),"<p><strong>Objetivo:</strong> Registrar un gasto o ingreso en segundos, con los mínimos toques posibles.</p><p><strong>Alcance:</strong> MovimientoFragment + MovimientoViewModel (StateFlow: monto, tipo, categoria, fecha, nota, guardando); TransaccionDao detrás de TransaccionesRepo; snackbar con 'Registrar otro'.</p><p><strong>Aceptación técnica:</strong></p><ul><li>Defaults al abrir: tipo gasto, fecha hoy, cartera de contexto y método efectivo.</li><li>Monto obligatorio > 0 y ≤ $1,000,000 con 2 decimales; botón deshabilitado sin monto válido.</li><li>Nota opcional ≤ 120 caracteres con contador visible.</li><li>Guardar actualiza la cartera; 'Registrar otro' limpia monto/nota y conserva cartera, tipo y categoría.</li><li>Doble tap bloqueado; sin conexión mensaje claro (offline diferido a fase 2).</li><li>Cada movimiento guarda idUsuario; validaciones en ViewModel con JUnit.</li></ul><p><strong>Pruebas:</strong> JUnit (válido, monto 0, límite, doble submit, registrar otro); smoke en emulador.</p><p><strong>Independencia:</strong> Guarda contra repo mock con cartera de fixture; no requiere lista web ni analítica.</p>",3,New,Vanessa,"carril-3,must"
M2 · Lista y filtros de movimientos (web),"<p><strong>Objetivo:</strong> Encontrar un movimiento combinando filtros, con totales visibles.</p><p><strong>Alcance:</strong> features/transacciones/transacciones.ts; filtros como signal + computed; función pura filtrar() de finanzas.ts; EmptyState.</p><p><strong>Aceptación técnica:</strong></p><ul><li>Tabla por fecha descendente con monto verde (ingreso) / rojo (gasto).</li><li>Filtros combinables AND: texto (nombre + nota), tipo, cartera, categoría y mes.</li><li>Contador y suma de los movimientos filtrados visibles.</li><li>Sin resultados → estado vacío con 'Limpiar filtros'.</li><li>Filtrado O(n) sobre 391 fixtures sin bloquear la UI.</li><li>En 390 px se convierte en tarjetas sin scroll horizontal.</li></ul><p><strong>Pruebas:</strong> Unit de filtrar() con combinaciones y acentos; smoke en ambas resoluciones.</p><p><strong>Independencia:</strong> Lee fixtures de transacciones; no depende de M3 ni de A3.</p>",3,New,Vanessa,"carril-3,must"
M3 · Edición y eliminación de movimientos (web),"<p><strong>Objetivo:</strong> Corregir un cargo dudoso o eliminar un registro con confirmación.</p><p><strong>Alcance:</strong> Modal reutilizable transaccion-form.ts desde la tabla global y el detalle; TransaccionesRepo.actualizar/eliminar.</p><p><strong>Aceptación técnica:</strong></p><ul><li>Editar abre el modal precargado con las mismas validaciones de M1.</li><li>Eliminar pide confirmación; al aceptar, desaparece y se recalculan los totales.</li><li>Cartera finalizada → acciones deshabilitadas con 'Cartera finalizada'.</li><li>Un miembro solo edita/elimina lo propio; el admin de la cartera, cualquiera.</li><li>Los cambios se reflejan al volver a la lista sin recargar.</li></ul><p><strong>Pruebas:</strong> Unit de permisos de edición; smoke editar/eliminar/confirmación.</p><p><strong>Independencia:</strong> Fixtures + modal existente; no depende de A3 ni del móvil.</p>",2,New,Vanessa,"carril-3,must"
M4 · Colaboraciones: contribuir en carteras de otras personas,"<p><strong>Objetivo:</strong> Ver las carteras ajenas donde participo con mis números y registrar ahí mi gasto.</p><p><strong>Alcance:</strong> Pestaña 'Compartidas' de lista.ts + detalle en modo lectura con puedeAdministrar; tarjetas con administrador, mi pagado, mi cuota y mi saldo.</p><p><strong>Aceptación técnica:</strong></p><ul><li>Tarjetas con mis números personales desde ResumenCarteraDTO (C0.3); saldo negativo en rojo con 'Debes aportar'.</li><li>Detalle en modo lectura: sin editar cartera, invitar, cerrar ni eliminar movimientos ajenos.</li><li>'Registrar mi gasto' abre el formulario con cartera y usuario preseleccionados; 'mi pagado' se actualiza al instante.</li><li>En participantes solo se ve nombre y montos: nunca correo ni teléfono.</li><li>Miembro dado de baja → error claro; cartera cerrada → solo lectura absoluta.</li></ul><p><strong>Pruebas:</strong> Unit del helper de permisos y del saldo personal; smoke con las cuentas demo.</p><p><strong>Independencia:</strong> Consume ResumenCarteraDTO (C0.3) y fixtures; no espera a A3.</p>",3,New,Vanessa,"carril-3,should"
M5 · Panel de inicio: mis carteras y colaboraciones,"<p><strong>Objetivo:</strong> Retomar el trabajo en un clic desde un panel con mis carteras y las compartidas.</p><p><strong>Alcance:</strong> features/dashboard/inicio.ts (o pestaña equivalente); StatCard, ProgressBar y Avatar; avancePresupuesto de C0.3.</p><p><strong>Aceptación técnica:</strong></p><ul><li>Bloque 'Mis carteras': activas propias, orden descendente, con categoría, fechas, integrantes, avance, gasto y nº de movimientos.</li><li>Bloque 'Carteras en las que participo': administrador, mi pagado, mi cuota, mi saldo y 'Registrar gasto'.</li><li>Usuario sin carteras → estado vacío con 'Nueva cartera' y 'Unirse con QR'.</li><li>Las archivadas no aparecen (solo en Inactivas).</li><li>En 390 px columnas apiladas + barra inferior; cálculos desde finanzas.ts, sin duplicar.</li></ul><p><strong>Pruebas:</strong> Unit de los computed de agrupación; smoke con la cuenta sin carteras propias.</p><p><strong>Independencia:</strong> Maquetable con fixtures; no requiere datos de otros carriles.</p>",3,New,Vanessa,"carril-3,should"
A1 · Saldos por integrante,"<p><strong>Objetivo:</strong> Ver la tabla de saldos por integrante y verificar que las cuentas cuadran.</p><p><strong>Alcance:</strong> calcularResumen() de finanzas.ts: cuota = totalGastos / nº miembros; pagado = gastos propios; saldo = pagado − cuota; tabla en el detalle.</p><p><strong>Aceptación técnica:</strong></p><ul><li>Tabla con pagado, aportado, cuota y saldo por integrante, ordenada por pagado descendente.</li><li>La suma de saldos = $0 con tolerancia ± $1.00; si no, la vista advierte.</li><li>Cartera sin movimientos → cuota y saldos en $0 sin errores.</li><li>Montos redondeados a centavos al mostrar; sin doble redondeo.</li><li>Unitarias con centavos impares, miembro dado de baja con movimientos vivos y un solo miembro.</li></ul><p><strong>Pruebas:</strong> Unit de vectores con centavos; smoke de la tabla.</p><p><strong>Independencia:</strong> Transacciones y miembros de fixture; no requiere gráficas ni cierre.</p>",3,New,Damián,"carril-4,must"
A2 · Liquidación sugerida con el mínimo de transferencias,"<p><strong>Objetivo:</strong> Saber quién le transfiere a quién con el mínimo de operaciones posible.</p><p><strong>Alcance:</strong> liquidar() de finanzas.ts (greedy: ordena deudores y acreedores por monto y empareja el mayor con el mayor; omite saldos dentro de ± $1.00).</p><p><strong>Aceptación técnica:</strong></p><ul><li>Produce transferencias que, aplicadas, dejan todos los saldos dentro de ± $1.00.</li><li>Invariantes: |saldo| ≤ $1.00 no genera transferencias; ninguna deuda > $1.00 queda pendiente; nº de transferencias ≤ n − 1; suma ± $0.01.</li><li>Vectores: V1 (+33.34, −16.67, −16.67) → 2 de $16.67; V2 con residuo −0.01; V3 (±1.00) → 0; V4 (±1.01) → 1 de $1.01.</li><li>Comparaciones con Math.round(x * 100) / 100 por flotantes.</li></ul><p><strong>Pruebas:</strong> finanzas.spec.ts con V1–V4 (obligatorio para el DoD).</p><p><strong>Independencia:</strong> Función pura; se prueba con vectores, sin UI ni fixtures.</p>",3,New,Damián,"carril-4,must"
A3 · Resumen y estadísticas de una cartera,"<p><strong>Objetivo:</strong> Convertir los movimientos en decisiones: KPIs, series y desgloses en una sola vista.</p><p><strong>Alcance:</strong> Pestaña Resumen de detalle.ts; StatCard, BarChart y DonutChart; serieMensual, gastosPorCategoria y avancePresupuesto de C0.3.</p><p><strong>Aceptación técnica:</strong></p><ul><li>4 KPI (presupuesto, gastado, disponible, movimientos) que coinciden con las sumas.</li><li>Avance con alerta a partir del 90 %; sin presupuesto se usa el total de ingresos como base.</li><li>Barras de 6 meses (gastos vs. ingresos) en formato k/M; meses sin datos en cero.</li><li>Dona de gasto: top 6 con porcentajes que suman 100 % (redondeo a 1 decimal con ajuste).</li><li>Ranking de pagos y últimos movimientos; cartera sin movimientos → estado vacío.</li><li>De 390 a 1440 px las gráficas y tarjetas se reorganizan sin desbordarse.</li></ul><p><strong>Pruebas:</strong> Unit de serieMensual (meses vacíos, cambio de año), dona (suma 100 %) y avance sin presupuesto; smoke visual.</p><p><strong>Independencia:</strong> Maquetable con fixtures; no requiere el cierre (A4).</p><p><strong>Palanca de corte:</strong> KPIs + barras (3) / dona + ranking + estados (2).</p>",5,New,Damián,"carril-4,should"
A4 · Finalizar cartera e imprimir el balance,"<p><strong>Objetivo:</strong> Cerrar el viaje o evento con el balance firmable y bloquear cambios posteriores.</p><p><strong>Alcance:</strong> Pestaña Cierre y balance; ConfirmModal; @media print; CarterasRepo.finalizar(id); validación de CARTERA_CERRADA en todas las escrituras.</p><p><strong>Aceptación técnica:</strong></p><ul><li>'Imprimir' saca la impresión con la tabla y la liquidación legibles, sin shell de la app.</li><li>'Finalizar cartera' con confirmación → estado inactiva + fechaCierre; aparece en Inactivas.</li><li>Tras el cierre se bloquean movimientos, miembros y regeneración de código ('Cartera finalizada').</li><li>Cierre irreversible en el MVP (reapertura = fase 2 con bitácora).</li><li>No administrador ve el balance, pero no el botón Finalizar.</li><li>La barra de acciones no rompe el layout en 390 px.</li></ul><p><strong>Pruebas:</strong> Unit del bloqueo de escrituras en cartera cerrada; smoke de impresión con vista previa.</p><p><strong>Independencia:</strong> Usa A1/A2 del mismo carril y fixtures; no espera a A5.</p>",3,New,Damián,"carril-4,must"
A5 · Histórico de carteras finalizadas,"<p><strong>Objetivo:</strong> Consultar las carteras cerradas con su balance congelado para recordar y planear.</p><p><strong>Alcance:</strong> features/inactivas/inactivas.ts; CarterasRepo.inactivasDe(idUsuario); detalle en solo lectura absoluta.</p><p><strong>Aceptación técnica:</strong></p><ul><li>Lista por fechaCierre descendente con categoría, fecha de cierre y total gastado.</li><li>Buscador por nombre en línea y filtro por categoría; una cartera activa no aparece.</li><li>Detalle con balance final y liquidación congelados, sin acciones de escritura.</li><li>Un miembro ve solo las finalizadas donde participó; el eliminado tras el cierre conserva lectura.</li><li>Cartera finalizada sin movimientos muestra $0 sin errores.</li></ul><p><strong>Pruebas:</strong> Smoke con las 2 carteras inactivas del fixture; unit del filtro.</p><p><strong>Independencia:</strong> Fixtures ya inactivas; no requiere que A4 esté terminada.</p>",2,New,Damián,"carril-4,could"
F1 · Chat de cartera (historia flotante),"<p><strong>Objetivo:</strong> Coordinar el gasto dentro de la cartera sin salir de la app (nueva historia #19).</p><p><strong>Alcance:</strong> Pestaña Chat en el detalle (web) y pantalla de chat (móvil); modelo Mensaje {idMensaje, idCartera, idUsuario, texto, fecha}; GET/POST /carteras/{id}/mensajes; polling cada 5 s en el MVP.</p><p><strong>Aceptación técnica:</strong></p><ul><li>Mensajes cronológicos con avatar y nombre; máximo 500 caracteres con contador.</li><li>Estado vacío, de carga y de error con reintento.</li><li>Solo miembros leen y escriben; cartera finalizada → solo lectura.</li><li>Envío optimista sin duplicados al reenviar; rate limit simulado de 1 mensaje/segundo.</li><li>Sin edición, borrado ni notificaciones push en el MVP; WebSocket = fase 2.</li></ul><p><strong>Pruebas:</strong> Unit del repositorio (orden, límite, paginación) y smoke con dos cuentas demo.</p><p><strong>Independencia:</strong> Modelo Mensaje + fixtures; no bloquea a ningún carril.</p><p><strong>Palanca de corte:</strong> web (3) / móvil (2).</p>",5,New,,"flotante,chat,should"
